File Name, Distance
01_dp, 62.02620566
01_greedy, 66.3176996275
02_dp, 67.2290467643
02_greedy, 72.5682299749
03_dp, 57.774371916
03_greedy, 64.1279649046
04_dp, 69.2493743616
04_greedy, 77.6736211153
05_dp, 73.0720174359
05_greedy, 83.2005081349
06_dp, 62.1134568338
06_greedy, 70.9918159127
07_dp, 61.0503072198
07_greedy, 66.1157359073
08_dp, 62.6485582509
08_greedy, 70.7726630438
09_dp, 63.7942493859
09_greedy, 67.0322761575
10_dp, 66.6103934555
10_greedy, 72.6757240623